{
    "index": {
        "min": [
            0
        ],
        "max": [
            1167
        ],
        "mean": [
            583.5
        ],
        "std": [
            337.17243363003445
        ],
        "count": [
            1168
        ]
    },
    "action": {
        "min": [
            -0.1620679348707199,
            -0.3402915894985199,
            0.6863558292388916,
            -0.114115871489048,
            1.3598642349243164,
            -0.8696088790893555,
            0.0
        ],
        "max": [
            0.8608434796333313,
            0.33002322912216187,
            1.7454249858856201,
            0.5648372173309326,
            1.5709019899368286,
            0.1607300490140915,
            1.0
        ],
        "mean": [
            0.5495613134938152,
            0.028288281176335733,
            1.2860073647270465,
            0.2934896530557985,
            1.5166010452459937,
            -0.5522459580575767,
            0.46917808466680244
        ],
        "std": [
            0.24203768378906043,
            0.12945713136437006,
            0.23103283372366182,
            0.18662088681313202,
            0.0690960076858132,
            0.24229602353521354,
            0.4990491103446848
        ],
        "count": [
            1168
        ]
    },
    "task_index": {
        "min": [
            0
        ],
        "max": [
            0
        ],
        "mean": [
            0.0
        ],
        "std": [
            0.0
        ],
        "count": [
            1168
        ]
    },
    "observation.image": {
        "min": [
            [
                [
                    0.0
                ]
            ],
            [
                [
                    0.0
                ]
            ],
            [
                [
                    0.0
                ]
            ]
        ],
        "max": [
            [
                [
                    1.0
                ]
            ],
            [
                [
                    1.0
                ]
            ],
            [
                [
                    1.0
                ]
            ]
        ],
        "mean": [
            [
                [
                    0.4728089588240082
                ]
            ],
            [
                [
                    0.43673135621313963
                ]
            ],
            [
                [
                    0.40071213139552697
                ]
            ]
        ],
        "std": [
            [
                [
                    0.18489663434271625
                ]
            ],
            [
                [
                    0.1981464688853213
                ]
            ],
            [
                [
                    0.2134922699741704
                ]
            ]
        ],
        "count": [
            1000
        ]
    },
    "observation.wrist_image": {
        "min": [
            [
                [
                    0.0
                ]
            ],
            [
                [
                    0.0
                ]
            ],
            [
                [
                    0.0
                ]
            ]
        ],
        "max": [
            [
                [
                    1.0
                ]
            ],
            [
                [
                    1.0
                ]
            ],
            [
                [
                    1.0
                ]
            ]
        ],
        "mean": [
            [
                [
                    0.5325390394622205
                ]
            ],
            [
                [
                    0.476558644732307
                ]
            ],
            [
                [
                    0.4187809997558594
                ]
            ]
        ],
        "std": [
            [
                [
                    0.12799984831119277
                ]
            ],
            [
                [
                    0.14434516040522916
                ]
            ],
            [
                [
                    0.15375988247514513
                ]
            ]
        ],
        "count": [
            1000
        ]
    },
    "observation.state": {
        "min": [
            0.2510175108909607,
            -0.18200527131557465,
            0.8547078371047974,
            1.5438181161880493,
            -0.0065829018130898476,
            1.5619384050369263
        ],
        "max": [
            0.3736564517021179,
            0.15724636614322662,
            1.0029062032699585,
            1.5796442031860352,
            0.21742962300777435,
            1.573026418685913
        ],
        "mean": [
            0.3269147301373416,
            0.06484845350496471,
            0.9478506030999634,
            1.576418814797924,
            0.06799475241580831,
            1.5704273179377595
        ],
        "std": [
            0.024726738951689278,
            0.09389699028053741,
            0.04502835209197036,
            0.0026230224732591016,
            0.0802433879565933,
            0.0008576724076814151
        ],
        "count": [
            1168
        ]
    },
    "timestamp": {
        "min": [
            0.0
        ],
        "max": [
            7.6
        ],
        "mean": [
            2.945633561643836
        ],
        "std": [
            1.7798945470447523
        ],
        "count": [
            1168
        ]
    },
    "frame_index": {
        "min": [
            0
        ],
        "max": [
            152
        ],
        "mean": [
            58.91267123287671
        ],
        "std": [
            35.59789094089504
        ],
        "count": [
            1168
        ]
    },
    "obj_init": {
        "min": [
            0.3278101682662964,
            0.08607574552297592,
            0.8199999928474426,
            0.2539407014846802,
            -0.19191263616085052,
            0.8199999928474426
        ],
        "max": [
            0.3278101682662964,
            0.08607574552297592,
            0.8199999928474426,
            0.2539407014846802,
            -0.19191263616085052,
            0.8199999928474426
        ],
        "mean": [
            0.3278099476066354,
            0.08607577532529831,
            0.8199997544288635,
            0.253940612077713,
            -0.19191236533734896,
            0.8199997544288635
        ],
        "std": [
            3.52126538479686e-07,
            2.9802322387695312e-08,
            2.384185791015625e-07,
            8.940696716308594e-08,
            2.9430548155903133e-07,
            2.384185791015625e-07
        ],
        "count": [
            1168
        ]
    },
    "episode_index": {
        "min": [
            0
        ],
        "max": [
            9
        ],
        "mean": [
            4.465753424657534
        ],
        "std": [
            2.777513383718402
        ],
        "count": [
            1168
        ]
    }
}